<?xml version="1.0" encoding="utf-8"?>

<scene version="0.5.0">
	<integrator type="path">
		<integer name = "maxDepth" value="8"/>
	</integrator>
	 <sensor type="perspective">
		<transform name="toWorld">
			<lookat origin="0, 5, 10" target="0, 0, 0" up="0, 1, 0"/>
		</transform>
		<float name="fov" value="45"/>
		<sampler type="independent">
			<integer name="sampleCount" value="128"/>
		</sampler>
		<film type="hdrfilm">
			<integer name="width" value="1024"/>
			<integer name="height" value="768"/>
		</film>
	</sensor>

	<shape type="obj">
		<string name="filename" value="planet.obj"/>
	</shape>

	<emitter type="point">
		<spectrum name="intensity" value="1000"/>
		<point name="position" x="0" y="5" z="10"/>
	</emitter>

	<!-- <shape type="serialized">
		<string name="filename" value="lightsource.serialized"/>
		<transform name="toWorld">
			<translate x="5" y="-3" z="1"/>
		</transform>

		<emitter type="area">
			<rgb name="radiance" value="100,400,100"/>
		</emitter>
	</shape> -->
</scene>